aaa,1111,홍길동,Dixcee,48251 Thackeray Circle,100000000
bbb,2222,유관순,Wraggs,9 Fuller Hill,90000000
ccc,3333,이순신,Aviss,75 Menomonie Court,50000000
ndruhan3,1834,Nobie,Druhan,5181 Waubesa Crossing,100000000
bdener4,2125,Bertie,Dener,0979 Sauthoff Crossing,70000000
bathow5,6547,Basilio,Athow,88068 Corry Alley,80000000
wcarress6,1095,Wrennie,Carress,66 Vera Court,60000000
glickorish7,8813,Guthrie,Lickorish,580 Westend Road,80000000
rdemullett8,5734,Rachael,de Mullett,580 Pierstorff Hill,60000000
ijesse9,8820,Isaak,Jesse,762 Mcbride Center,80000000
lsemkena,4984,Licha,Semken,75 Swallow Terrace,50000000
dingledowb,2043,Dedie,Ingledow,47 Welch Avenue,50000000
kfairec,3731,Kristal,Faire,1193 Rockefeller Avenue,100000000
dosburnd,6810,Dan,Osburn,7820 Fieldstone Drive,100000000
llattine,9198,Lazarus,Lattin,1101 Grim Plaza,80000000
jpicklef,5295,Juliet,Pickle,04205 South Plaza,90000000
jadamekg,9570,Jarrid,Adamek,9 Ryan Way,90000000
porryh,6151,Prue,Orry,39745 Butterfield Pass,100000000
bphillipsoni,5022,Boonie,Phillipson,2 Southridge Street,60000000
mwhitlamj,2910,Morly,Whitlam,00 Fairfield Pass,60000000
